{
  "data": {
    "adjacencyindices": [],
    "adjacencytypes": [],
    "color": [
      0,
      0,
      0
    ],
    "guid": "2b8263ca-8583-4d46-8e16-609a19f84bc8",
    "name": "Mesh",
    "parent": null,
    "thickness": 1.0,
    "transformation": [
      1.0,
      0.0,
      0.0,
      0.0,
      0.0,
      1.0,
      0.0,
      0.0,
      0.0,
      0.0,
      1.0,
      0.0,
      0.0,
      0.0,
      0.0,
      1.0
    ]
  },
  "default_edge_attributes": {},
  "default_face_attributes": {},
  "default_vertex_attributes": {
    "x": 0.0,
    "y": 0.0,
    "z": 0.0
  },
  "edgedata": {},
  "face": {
    "1": [
      19,
      1,
      3
    ],
    "11": [
      19,
      11,
      13
    ],
    "13": [
      19,
      13,
      15
    ],
    "15": [
      15,
      17,
      19
    ],
    "3": [
      19,
      3,
      5
    ],
    "5": [
      19,
      5,
      7
    ],
    "7": [
      19,
      7,
      9
    ],
    "9": [
      19,
      9,
      11
    ]
  },
  "facedata": {},
  "halfedge": {
    "1": {
      "19": null,
      "3": 1
    },
    "11": {
      "13": 11,
      "19": 9,
      "9": null
    },
    "13": {
      "11": null,
      "15": 13,
      "19": 11
    },
    "15": {
      "13": null,
      "17": 15,
      "19": 13
    },
    "17": {
      "15": null,
      "19": 15
    },
    "19": {
      "1": 1,
      "11": 11,
      "13": 13,
      "15": 15,
      "17": null,
      "3": 3,
      "5": 5,
      "7": 7,
      "9": 9
    },
    "3": {
      "1": null,
      "19": 1,
      "5": 3
    },
    "5": {
      "19": 3,
      "3": null,
      "7": 5
    },
    "7": {
      "19": 5,
      "5": null,
      "9": 7
    },
    "9": {
      "11": 9,
      "19": 7,
      "7": null
    }
  },
  "max_face": 16,
  "max_vertex": 20,
  "vertex": {
    "1": {
      "attributes": {
        "b": 0.0,
        "g": 0.5,
        "r": 0.5
      },
      "x": 0.12821,
      "y": 3.514321,
      "z": 3.0
    },
    "11": {
      "attributes": {
        "b": 0.0,
        "g": 0.5,
        "r": 1.0
      },
      "x": -0.041799,
      "y": 2.707766,
      "z": 3.0
    },
    "13": {
      "attributes": {
        "b": 0.0,
        "g": 0.0,
        "r": 1.0
      },
      "x": 0.233322,
      "y": 2.530312,
      "z": 3.0
    },
    "15": {
      "attributes": {
        "b": 1.0,
        "g": 0.0,
        "r": 1.0
      },
      "x": 0.284442,
      "y": 2.853682,
      "z": 3.0
    },
    "17": {
      "attributes": {
        "b": 1.0,
        "g": 1.0,
        "r": 0.0
      },
      "x": 0.538228,
      "y": 3.0605,
      "z": 3.0
    },
    "19": {
      "attributes": {
        "b": 0.0,
        "g": 1.0,
        "r": 1.0
      },
      "x": 0.246482,
      "y": 3.209046,
      "z": 3.0
    },
    "3": {
      "attributes": {
        "b": 0.0,
        "g": 1.0,
        "r": 0.0
      },
      "x": -0.103219,
      "y": 3.282757,
      "z": 3.0
    },
    "5": {
      "attributes": {
        "b": 1.0,
        "g": 0.0,
        "r": 0.5
      },
      "x": -0.430101,
      "y": 3.264609,
      "z": 3.0
    },
    "7": {
      "attributes": {
        "b": 0.5,
        "g": 0.5,
        "r": 0.0
      },
      "x": -0.281387,
      "y": 2.97295,
      "z": 3.0
    },
    "9": {
      "attributes": {
        "b": 1.0,
        "g": 0.0,
        "r": 0.0
      },
      "x": -0.365139,
      "y": 2.6564579999999998,
      "z": 3.0
    }
  }
}